Trimestre,Distrito,PER,Precio_Venta_USD,Tipo_Cambio,Alquiler_Mensual_Soles
2013-T3,Barranco,16.9776,1487.01,2.7857,20.3322
2013-T4,Barranco,16.9776,1459.62,2.7842,19.9469
2014-T1,Barranco,16.4575,1603.67,2.8093,22.8124
2014-T2,Barranco,16.5774,1500.0,2.7919,21.0517
2014-T3,Barranco,13.2249,1423.84,2.8215,25.3144
2014-T4,Barranco,14.4318,1418.92,2.9309,24.0134
2015-T1,Barranco,16.2518,1397.8,3.0586,21.9221
2015-T2,Barranco,16.2543,1533.52,3.1439,24.7175
2015-T3,Barranco,16.681,1333.33,3.2127,21.3999
2015-T4,Barranco,14.5122,1470.59,3.3226,28.0575
2016-T1,Barranco,14.3007,1398.6,3.4502,28.119
2016-T2,Barranco,21.6755,1372.55,3.3173,17.5049
2016-T3,Barranco,18.3225,1433.04,3.338,21.7561
2016-T4,Barranco,18.8795,1500.0,3.3947,22.4763
2017-T1,Barranco,17.4557,1484.04,3.2879,23.2939
2017-T2,Barranco,19.2478,1475.73,3.2627,20.8458
2017-T3,Barranco,21.8667,1391.3,3.2455,17.2084
2017-T4,Barranco,18.0645,1456.14,3.2459,21.8039
2018-T1,Barranco,17.2265,1387.26,3.2385,21.7331
2018-T2,Barranco,14.2119,1333.33,3.2584,25.4747
2018-T3,Barranco,17.1894,1453.33,3.292,23.1943
2018-T4,Barranco,17.7796,1396.13,3.3575,21.9706
2019-T1,Barranco,17.7787,1495.33,3.3233,23.2932
2019-T2,Barranco,17.1445,1478.26,3.3206,23.8595
2019-T3,Barranco,17.0742,1500.0,3.3417,24.4647
2019-T4,Barranco,18.7165,1419.1,3.3622,21.2438
2020-T1,Barranco,16.1226,1428.57,3.403,25.1276
2020-T2,Barranco,17.9442,1434.26,3.4296,22.8436
2020-T3,Barranco,20.2661,1458.33,3.5451,21.2588
2020-T4,Barranco,17.8352,1581.67,3.602,26.6195
2021-T1,Barranco,16.6915,1524.39,3.6593,27.8497
2021-T2,Barranco,20.0219,1464.77,3.7944,23.1329
2021-T3,Barranco,20.2378,1510.42,4.0446,25.155
2021-T4,Barranco,17.4402,1439.02,4.0239,27.6682
2022-T1,Barranco,20.3595,1538.16,3.8063,23.9638
2022-T2,Barranco,18.6501,1579.44,3.7481,26.4518
2022-T3,Barranco,18.4756,1481.48,3.8912,26.0018
2022-T4,Barranco,18.659,1455.89,3.8951,25.3266
2023-T1,Barranco,17.1432,1411.46,3.8178,26.1941
2023-T2,Barranco,18.7908,1520.87,3.7018,24.9675
2023-T3,Barranco,18.4594,1500.0,3.6758,24.8909
2023-T4,Barranco,17.9698,1508.64,3.78,26.4454
2024-T1,Barranco,16.0128,1538.38,3.7589,30.0936
2024-T2,Barranco,17.1131,1533.33,3.7429,27.9472
2024-T3,Barranco,16.4728,1516.08,3.758,28.8222
2024-T4,Barranco,17.3065,1552.18,3.7558,28.0706
2025-T1,Barranco,17.4685,1451.39,3.6993,25.6137
2025-T2,Barranco,17.2928,1500.0,3.6546,26.417
2025-T3,Barranco,16.9474,1509.91,3.5341,26.2388
2025-T4,Barranco,15.3048,1392.05,3.3846,25.6534
2026-T1,Barranco,17.037,1510.42,3.3868,25.0216
2013-T3,Jesús María,15.7092,2153.65,2.7857,31.8252
2013-T4,Jesús María,16.1682,2080.54,2.7842,29.8557
2014-T1,Jesús María,16.9355,2166.67,2.8093,29.9512
2014-T2,Jesús María,15.9882,2327.61,2.7919,33.8708
2014-T3,Jesús María,15.5175,2111.11,2.8215,31.9883
2014-T4,Jesús María,14.9524,2077.46,2.9309,33.9343
2015-T1,Jesús María,15.6843,2121.93,3.0586,34.4828
2015-T2,Jesús María,16.4877,2097.25,3.1439,33.3255
2015-T3,Jesús María,15.8226,2015.86,3.2127,34.1096
2015-T4,Jesús María,15.3972,2078.23,3.3226,37.3719
2016-T1,Jesús María,15.8873,2146.43,3.4502,38.8446
2016-T2,Jesús María,15.0982,2117.69,3.3173,38.7737
2016-T3,Jesús María,15.887,2183.91,3.338,38.2386
2016-T4,Jesús María,14.4465,2222.22,3.3947,43.5161
2017-T1,Jesús María,15.9558,2157.13,3.2879,37.0416
2017-T2,Jesús María,15.4767,2110.61,3.2627,37.0784
2017-T3,Jesús María,15.92,2286.43,3.2455,38.8434
2017-T4,Jesús María,15.3887,2104.2,3.2459,36.9864
2018-T1,Jesús María,15.3097,2149.86,3.2385,37.8968
2018-T2,Jesús María,16.4445,2142.86,3.2584,35.383
2018-T3,Jesús María,16.1562,2185.7,3.292,37.1135
2018-T4,Jesús María,15.1584,2135.58,3.3575,39.4187
2019-T1,Jesús María,15.9103,2174.97,3.3233,37.8591
2019-T2,Jesús María,17.5917,2241.32,3.3206,35.256
2019-T3,Jesús María,16.7687,2201.91,3.3417,36.5669
2019-T4,Jesús María,16.7165,2178.22,3.3622,36.5092
2020-T1,Jesús María,16.6296,2222.46,3.403,37.8997
2020-T2,Jesús María,17.4768,2246.5,3.4296,36.7371
2020-T3,Jesús María,16.3612,2259.62,3.5451,40.8011
2020-T4,Jesús María,19.0477,2209.52,3.602,34.8191
2021-T1,Jesús María,17.8875,2200.0,3.6593,37.5054
2021-T2,Jesús María,18.9403,2242.55,3.7944,37.4387
2021-T3,Jesús María,18.1657,2222.22,4.0446,41.2312
2021-T4,Jesús María,19.0017,2110.17,4.0239,37.2381
2022-T1,Jesús María,18.4524,2101.56,3.8063,36.1251
2022-T2,Jesús María,18.1232,2112.75,3.7481,36.4121
2022-T3,Jesús María,17.737,2168.67,3.8912,39.6478
2022-T4,Jesús María,17.4217,2200.0,3.8951,40.9888
2023-T1,Jesús María,16.703,2148.65,3.8178,40.926
2023-T2,Jesús María,17.0215,2161.02,3.7018,39.1644
2023-T3,Jesús María,17.8417,2163.62,3.6758,37.146
2023-T4,Jesús María,17.1111,2186.74,3.78,40.2559
2024-T1,Jesús María,17.1413,2177.15,3.7589,39.7853
2024-T2,Jesús María,16.8805,2200.0,3.7429,40.6507
2024-T3,Jesús María,16.2077,2187.5,3.758,42.2668
2024-T4,Jesús María,16.5997,2222.22,3.7558,41.8991
2025-T1,Jesús María,15.7252,2230.33,3.6993,43.7238
2025-T2,Jesús María,15.9674,2211.76,3.6546,42.1854
2025-T3,Jesús María,15.9847,2249.97,3.5341,41.4541
2025-T4,Jesús María,16.6538,2400.0,3.3846,40.6461
2026-T1,Jesús María,17.5246,2463.92,3.3868,39.6817
2013-T3,La Molina,15.5026,1838.37,2.7857,27.5282
2013-T4,La Molina,16.4338,1745.43,2.7842,24.6421
2014-T1,La Molina,17.1822,1828.36,2.8093,24.9116
2014-T2,La Molina,16.875,2017.4,2.7919,27.8139
2014-T3,La Molina,16.2408,1937.25,2.8215,28.0465
2014-T4,La Molina,16.3721,1969.4,2.9309,29.3796
2015-T1,La Molina,17.2078,1857.14,3.0586,27.508
2015-T2,La Molina,18.3755,1803.85,3.1439,25.7185
2015-T3,La Molina,16.9935,1844.12,3.2127,29.0537
2015-T4,La Molina,18.5464,1854.39,3.3226,27.6842
2016-T1,La Molina,18.1325,1814.52,3.4502,28.7717
2016-T2,La Molina,19.0632,1894.74,3.3173,27.4761
2016-T3,La Molina,20.6245,1850.0,3.338,24.9515
2016-T4,La Molina,21.6014,1876.19,3.3947,24.5708
2017-T1,La Molina,18.9326,1847.13,3.2879,26.7312
2017-T2,La Molina,20.7744,1829.59,3.2627,23.9451
2017-T3,La Molina,18.9723,1850.0,3.2455,26.3726
2017-T4,La Molina,18.9956,1808.97,3.2459,25.7593
2018-T1,La Molina,18.9172,1896.69,3.2385,27.0583
2018-T2,La Molina,18.1777,1848.48,3.2584,27.6121
2018-T3,La Molina,19.7894,1842.59,3.292,25.5432
2018-T4,La Molina,18.4569,1819.81,3.3575,27.5871
2019-T1,La Molina,19.2516,1800.0,3.3233,25.894
2019-T2,La Molina,19.3582,1853.45,3.3206,26.4943
2019-T3,La Molina,21.9171,1875.0,3.3417,23.8235
2019-T4,La Molina,19.5118,1776.86,3.3622,25.5153
2020-T1,La Molina,18.4524,1830.99,3.403,28.1395
2020-T2,La Molina,19.2776,1915.38,3.4296,28.3965
2020-T3,La Molina,19.3056,1781.61,3.5451,27.2635
2020-T4,La Molina,22.3056,1981.13,3.602,26.6602
2021-T1,La Molina,21.2364,1981.13,3.6593,28.4481
2021-T2,La Molina,20.3441,1949.36,3.7944,30.2984
2021-T3,La Molina,23.4828,1949.71,4.0446,27.9841
2021-T4,La Molina,23.9837,1962.5,4.0239,27.4382
2022-T1,La Molina,23.3234,1888.83,3.8063,25.6874
2022-T2,La Molina,21.0842,1925.62,3.7481,28.5265
2022-T3,La Molina,18.2716,1923.54,3.8912,34.1374
2022-T4,La Molina,19.1565,1986.63,3.8951,33.6616
2023-T1,La Molina,18.5718,1928.78,3.8178,33.0412
2023-T2,La Molina,19.4807,2000.0,3.7018,31.6706
2023-T3,La Molina,18.2887,1946.17,3.6758,32.596
2023-T4,La Molina,18.7456,1957.98,3.78,32.9018
2024-T1,La Molina,19.3059,1844.66,3.7589,29.9298
2024-T2,La Molina,20.1737,1911.43,3.7429,29.5532
2024-T3,La Molina,18.9071,1900.83,3.758,31.484
2024-T4,La Molina,19.4813,1856.62,3.7558,29.828
2025-T1,La Molina,17.309,1944.44,3.6993,34.6313
2025-T2,La Molina,16.1862,1911.76,3.6546,35.9705
2025-T3,La Molina,18.1189,1962.03,3.5341,31.8908
2025-T4,La Molina,15.4008,2000.0,3.3846,36.6275
2026-T1,La Molina,15.518,2098.61,3.3868,38.1688
2013-T3,Lince,15.4209,2209.6,2.7857,33.2624
2013-T4,Lince,15.5011,2206.61,2.7842,33.0275
2014-T1,Lince,16.2081,2344.44,2.8093,33.8632
2014-T2,Lince,15.1508,2357.14,2.7919,36.1962
2014-T3,Lince,15.2246,2100.63,2.8215,32.4417
2014-T4,Lince,14.9487,2200.0,2.9309,35.9446
2015-T1,Lince,14.588,2187.5,3.0586,38.22
2015-T2,Lince,15.5556,2071.43,3.1439,34.8874
2015-T3,Lince,14.3885,2187.5,3.2127,40.7031
2015-T4,Lince,14.3916,2063.18,3.3226,39.6935
2016-T1,Lince,15.4227,2214.29,3.4502,41.2797
2016-T2,Lince,13.6715,2000.0,3.3173,40.4403
2016-T3,Lince,16.5692,2313.27,3.338,38.8358
2016-T4,Lince,13.3738,2277.91,3.3947,48.1843
2017-T1,Lince,14.0167,2316.01,3.2879,45.2715
2017-T2,Lince,15.1911,2244.57,3.2627,40.1734
2017-T3,Lince,15.9414,2188.64,3.2455,37.132
2017-T4,Lince,13.5597,2294.12,3.2459,45.7639
2018-T1,Lince,14.6309,2169.23,3.2385,40.0124
2018-T2,Lince,13.9372,2164.18,3.2584,42.1637
2018-T3,Lince,15.7084,2295.92,3.292,40.0962
2018-T4,Lince,15.7243,2206.57,3.3575,39.2633
2019-T1,Lince,14.5011,2294.6,3.3233,43.8229
2019-T2,Lince,14.584,2231.88,3.3206,42.3479
2019-T3,Lince,15.6698,2223.78,3.3417,39.52
2019-T4,Lince,14.5464,2217.33,3.3622,42.709
2020-T1,Lince,15.455,2191.01,3.403,40.2032
2020-T2,Lince,15.1636,2356.42,3.4296,44.4134
2020-T3,Lince,17.4183,2208.33,3.5451,37.4551
2020-T4,Lince,18.4133,2214.74,3.602,36.1038
2021-T1,Lince,17.7258,2173.49,3.6593,37.3914
2021-T2,Lince,18.305,2092.8,3.7944,36.1513
2021-T3,Lince,18.6072,2124.77,4.0446,38.4878
2021-T4,Lince,19.9724,2040.06,4.0239,34.2512
2022-T1,Lince,17.7596,1973.84,3.8063,35.2534
2022-T2,Lince,17.1398,2164.06,3.7481,39.4365
2022-T3,Lince,16.8774,2142.86,3.8912,41.1712
2022-T4,Lince,16.9945,2168.89,3.8951,41.4251
2023-T1,Lince,17.3692,2135.92,3.8178,39.1231
2023-T2,Lince,16.9198,2171.01,3.7018,39.5819
2023-T3,Lince,16.9004,2118.64,3.6758,38.3998
2023-T4,Lince,16.861,2307.36,3.78,43.1064
2024-T1,Lince,16.2307,2300.46,3.7589,44.3972
2024-T2,Lince,17.6448,2276.92,3.7429,40.2495
2024-T3,Lince,18.2562,2232.14,3.758,38.2899
2024-T4,Lince,17.0762,2225.91,3.7558,40.7977
2025-T1,Lince,16.22,2143.72,3.6993,40.7438
2025-T2,Lince,14.0104,2300.0,3.6546,49.9957
2025-T3,Lince,14.2205,2272.08,3.5341,47.0548
2025-T4,Lince,14.9658,2460.94,3.3846,46.3789
2026-T1,Lince,15.0697,2604.5,3.3868,48.7791
2013-T3,Magdalena,15.0552,1666.67,2.7857,25.6987
2013-T4,Magdalena,14.9834,1653.85,2.7842,25.6094
2014-T1,Magdalena,14.9716,1807.28,2.8093,28.2604
2014-T2,Magdalena,15.015,1991.45,2.7919,30.8572
2014-T3,Magdalena,15.2505,1870.0,2.8215,28.8308
2014-T4,Magdalena,15.0973,1715.35,2.9309,27.7504
2015-T1,Magdalena,14.6748,1821.79,3.0586,31.6419
2015-T2,Magdalena,15.9788,1801.29,3.1439,29.5341
2015-T3,Magdalena,15.2987,1759.33,3.2127,30.7884
2015-T4,Magdalena,15.2162,1766.67,3.3226,32.1471
2016-T1,Magdalena,14.9526,1697.8,3.4502,32.6462
2016-T2,Magdalena,15.4187,1654.26,3.3173,29.6591
2016-T3,Magdalena,15.713,1719.38,3.338,30.4383
2016-T4,Magdalena,17.3478,1681.76,3.3947,27.4249
2017-T1,Magdalena,15.0896,1816.17,3.2879,32.9769
2017-T2,Magdalena,15.8376,1826.09,3.2627,31.3491
2017-T3,Magdalena,16.047,1745.79,3.2455,29.4238
2017-T4,Magdalena,16.2015,1666.67,3.2459,27.8259
2018-T1,Magdalena,16.8203,1686.48,3.2385,27.0588
2018-T2,Magdalena,17.8157,1666.67,3.2584,25.4021
2018-T3,Magdalena,17.4695,1653.54,3.292,25.9665
2018-T4,Magdalena,17.8571,1754.7,3.3575,27.4935
2019-T1,Magdalena,16.1364,1726.8,3.3233,29.6367
2019-T2,Magdalena,16.8388,1778.35,3.3206,29.2243
2019-T3,Magdalena,16.293,1734.95,3.3417,29.6533
2019-T4,Magdalena,17.014,1725.84,3.3622,28.4209
2020-T1,Magdalena,14.8135,1688.26,3.403,32.3196
2020-T2,Magdalena,16.648,1750.0,3.4296,30.0426
2020-T3,Magdalena,17.9717,1790.2,3.5451,29.4282
2020-T4,Magdalena,18.0643,1769.23,3.602,29.3985
2021-T1,Magdalena,20.3829,1764.29,3.6593,26.3951
2021-T2,Magdalena,18.6028,1781.61,3.7944,30.2831
2021-T3,Magdalena,20.8214,1781.62,4.0446,28.8401
2021-T4,Magdalena,19.8517,1733.78,4.0239,29.286
2022-T1,Magdalena,17.6966,1726.36,3.8063,30.9431
2022-T2,Magdalena,17.3425,1791.51,3.7481,32.2657
2022-T3,Magdalena,19.2817,1693.55,3.8912,28.4811
2022-T4,Magdalena,17.9808,1723.49,3.8951,31.1124
2023-T1,Magdalena,17.035,1750.0,3.8178,32.6831
2023-T2,Magdalena,16.7193,1714.29,3.7018,31.6297
2023-T3,Magdalena,17.1461,1735.29,3.6758,31.0009
2023-T4,Magdalena,17.2758,1744.93,3.78,31.8163
2024-T1,Magdalena,17.0323,1675.77,3.7589,30.819
2024-T2,Magdalena,16.7793,1724.51,3.7429,32.0568
2024-T3,Magdalena,16.4609,1700.0,3.758,32.3421
2024-T4,Magdalena,15.8399,1679.69,3.7558,33.189
2025-T1,Magdalena,16.06,1706.23,3.6993,32.7517
2025-T2,Magdalena,15.6494,1700.0,3.6546,33.0832
2025-T3,Magdalena,15.1515,1729.93,3.5341,33.6253
2025-T4,Magdalena,16.2307,1872.65,3.3846,32.5418
2026-T1,Magdalena,15.3865,1818.18,3.3868,33.351
2013-T3,Miraflores,16.3155,1500.0,2.7857,21.3422
2013-T4,Miraflores,15.9251,1557.8,2.7842,22.6957
2014-T1,Miraflores,16.7659,1511.11,2.8093,21.1004
2014-T2,Miraflores,17.4085,1569.75,2.7919,20.9788
2014-T3,Miraflores,15.8333,1616.4,2.8215,24.0037
2014-T4,Miraflores,15.4573,1630.43,2.9309,25.7623
2015-T1,Miraflores,16.1416,1515.11,3.0586,23.9241
2015-T2,Miraflores,16.4533,1551.72,3.1439,24.7084
2015-T3,Miraflores,15.8825,1538.46,3.2127,25.9336
2015-T4,Miraflores,17.03,1491.18,3.3226,24.2441
2016-T1,Miraflores,17.8869,1551.78,3.4502,24.9436
2016-T2,Miraflores,17.6474,1491.53,3.3173,23.3642
2016-T3,Miraflores,18.1992,1506.3,3.338,23.0232
2016-T4,Miraflores,18.7654,1474.05,3.3947,22.2218
2017-T1,Miraflores,17.2795,1590.74,3.2879,25.2233
2017-T2,Miraflores,17.0719,1589.31,3.2627,25.3117
2017-T3,Miraflores,18.8649,1665.0,3.2455,23.8705
2017-T4,Miraflores,17.535,1600.0,3.2459,24.6814
2018-T1,Miraflores,17.169,1644.49,3.2385,25.8491
2018-T2,Miraflores,17.2194,1651.38,3.2584,26.0406
2018-T3,Miraflores,18.2142,1674.16,3.292,25.2153
2018-T4,Miraflores,17.7965,1656.25,3.3575,26.0394
2019-T1,Miraflores,17.5206,1700.0,3.3233,26.8716
2019-T2,Miraflores,18.6552,1788.32,3.3206,26.5267
2019-T3,Miraflores,17.8775,1780.99,3.3417,27.7423
2019-T4,Miraflores,17.7888,1733.56,3.3622,27.3047
2020-T1,Miraflores,17.0389,1743.69,3.403,29.021
2020-T2,Miraflores,17.8793,1685.39,3.4296,26.941
2020-T3,Miraflores,19.9175,1616.28,3.5451,23.9736
2020-T4,Miraflores,20.3081,1688.32,3.602,24.9544
2021-T1,Miraflores,20.0,1709.3,3.6593,26.0621
2021-T2,Miraflores,21.1015,1692.0,3.7944,25.3544
2021-T3,Miraflores,22.2222,1631.51,4.0446,24.7454
2021-T4,Miraflores,20.3924,1658.33,4.0239,27.2688
2022-T1,Miraflores,19.2901,1728.16,3.8063,28.4164
2022-T2,Miraflores,18.9605,1679.99,3.7481,27.6752
2022-T3,Miraflores,19.5181,1648.34,3.8912,27.3852
2022-T4,Miraflores,19.8611,1726.19,3.8951,28.211
2023-T1,Miraflores,18.1066,1651.09,3.8178,29.0108
2023-T2,Miraflores,18.8559,1783.02,3.7018,29.1701
2023-T3,Miraflores,18.3521,1800.0,3.6758,30.0437
2023-T4,Miraflores,19.1371,1741.19,3.78,28.6602
2024-T1,Miraflores,18.4482,1780.82,3.7589,30.2375
2024-T2,Miraflores,18.3333,1791.67,3.7429,30.4821
2024-T3,Miraflores,18.2292,1768.12,3.758,30.3751
2024-T4,Miraflores,20.1288,1777.78,3.7558,27.6425
2025-T1,Miraflores,17.5814,1748.57,3.6993,30.6602
2025-T2,Miraflores,16.8954,1805.31,3.6546,32.5416
2025-T3,Miraflores,16.1932,1949.15,3.5341,35.4493
2025-T4,Miraflores,17.5,2086.18,3.3846,33.6228
2026-T1,Miraflores,17.7785,2102.95,3.3868,33.3846
2013-T3,Promedio,15.8898,1549.01,2.7857,22.63
2013-T4,Promedio,16.1137,1614.1,2.7842,23.2408
2014-T1,Promedio,16.525,1566.27,2.8093,22.1893
2014-T2,Promedio,16.4096,1589.04,2.7919,22.5294
2014-T3,Promedio,16.048,1586.67,2.8215,23.2469
2014-T4,Promedio,16.1343,1612.93,2.9309,24.4163
2015-T1,Promedio,16.2164,1500.0,3.0586,23.5763
2015-T2,Promedio,16.8696,1533.94,3.1439,23.8225
2015-T3,Promedio,16.7919,1616.28,3.2127,25.7698
2015-T4,Promedio,16.6972,1518.99,3.3226,25.1885
2016-T1,Promedio,16.6903,1511.67,3.4502,26.0409
2016-T2,Promedio,17.4268,1554.05,3.3173,24.6518
2016-T3,Promedio,18.0139,1516.41,3.338,23.4163
2016-T4,Promedio,17.6371,1508.47,3.3947,24.1956
2017-T1,Promedio,17.0898,1570.99,3.2879,25.1866
2017-T2,Promedio,17.629,1484.38,3.2627,22.8934
2017-T3,Promedio,18.2677,1571.43,3.2455,23.2654
2017-T4,Promedio,17.1235,1554.05,3.2459,24.5488
2018-T1,Promedio,17.0716,1590.05,3.2385,25.136
2018-T2,Promedio,16.7709,1645.7,3.2584,26.6451
2018-T3,Promedio,17.2296,1588.68,3.292,25.2954
2018-T4,Promedio,17.5589,1668.95,3.3575,26.5941
2019-T1,Promedio,16.9994,1663.33,3.3233,27.0982
2019-T2,Promedio,17.3849,1669.5,3.3206,26.5736
2019-T3,Promedio,17.555,1734.43,3.3417,27.5133
2019-T4,Promedio,17.5948,1686.13,3.3622,26.8505
2020-T1,Promedio,16.629,1706.67,3.403,29.105
2020-T2,Promedio,17.394,1652.39,3.4296,27.1505
2020-T3,Promedio,18.8522,1793.66,3.5451,28.108
2020-T4,Promedio,19.6939,1746.38,3.602,26.6176
2021-T1,Promedio,19.5544,1736.55,3.6593,27.0809
2021-T2,Promedio,20.0346,1723.08,3.7944,27.195
2021-T3,Promedio,21.1664,1733.33,4.0446,27.6011
2021-T4,Promedio,20.7835,1769.23,4.0239,28.5449
2022-T1,Promedio,19.2447,1695.56,3.8063,27.9462
2022-T2,Promedio,18.6324,1720.0,3.7481,28.8333
2022-T3,Promedio,18.9659,1710.53,3.8912,29.2456
2022-T4,Promedio,18.9091,1700.0,3.8951,29.1818
2023-T1,Promedio,18.0227,1682.93,3.8178,29.7079
2023-T2,Promedio,18.1835,1671.36,3.7018,28.3546
2023-T3,Promedio,18.0642,1722.22,3.6758,29.2037
2023-T4,Promedio,18.2541,1712.74,3.78,29.5556
2024-T1,Promedio,17.7067,1708.33,3.7589,30.2213
2024-T2,Promedio,17.7999,1722.79,3.7429,30.1888
2024-T3,Promedio,16.9866,1686.75,3.758,31.0969
2024-T4,Promedio,17.4905,1720.0,3.7558,30.7784
2025-T1,Promedio,17.0788,1732.28,3.6993,31.2684
2025-T2,Promedio,16.4276,1753.25,3.6546,32.5032
2025-T3,Promedio,16.5214,1768.12,3.5341,31.5179
2025-T4,Promedio,16.3434,1848.58,3.3846,31.9019
2026-T1,Promedio,16.6728,1856.33,3.3868,31.4238
2013-T3,Pueblo Libre,15.2822,1453.49,2.7857,22.0787
2013-T4,Pueblo Libre,16.1238,1468.97,2.7842,21.1379
2014-T1,Pueblo Libre,16.3125,1453.49,2.8093,20.8598
2014-T2,Pueblo Libre,16.4529,1504.17,2.7919,21.2699
2014-T3,Pueblo Libre,15.8749,1443.3,2.8215,21.377
2014-T4,Pueblo Libre,16.3008,1350.38,2.9309,20.2332
2015-T1,Pueblo Libre,16.1247,1615.9,3.0586,25.5424
2015-T2,Pueblo Libre,16.7302,1333.33,3.1439,20.8796
2015-T3,Pueblo Libre,16.6185,1538.46,3.2127,24.785
2015-T4,Pueblo Libre,16.9896,1435.44,3.3226,23.3934
2016-T1,Pueblo Libre,17.5206,1440.79,3.4502,23.6436
2016-T2,Pueblo Libre,16.2118,1422.62,3.3173,24.2582
2016-T3,Pueblo Libre,17.3657,1789.47,3.338,28.6643
2016-T4,Pueblo Libre,16.199,1394.84,3.3947,24.359
2017-T1,Pueblo Libre,16.6936,1491.38,3.2879,24.4777
2017-T2,Pueblo Libre,17.2163,1654.55,3.2627,26.1296
2017-T3,Pueblo Libre,17.6678,1598.3,3.2455,24.4668
2017-T4,Pueblo Libre,15.8393,1431.9,3.2459,24.4531
2018-T1,Pueblo Libre,15.453,1565.68,3.2385,27.3433
2018-T2,Pueblo Libre,15.4411,1566.5,3.2584,27.5471
2018-T3,Pueblo Libre,15.0908,1589.26,3.292,28.8908
2018-T4,Pueblo Libre,16.9686,1571.43,3.3575,25.9112
2019-T1,Pueblo Libre,15.4933,1637.93,3.3233,29.2782
2019-T2,Pueblo Libre,15.9742,1674.24,3.3206,29.0026
2019-T3,Pueblo Libre,15.5468,1729.41,3.3417,30.9773
2019-T4,Pueblo Libre,16.952,1578.44,3.3622,26.0886
2020-T1,Pueblo Libre,15.6541,1771.24,3.403,32.0873
2020-T2,Pueblo Libre,15.7049,1700.96,3.4296,30.9543
2020-T3,Pueblo Libre,16.1296,1733.33,3.5451,31.7476
2020-T4,Pueblo Libre,20.0197,1736.11,3.602,26.0305
2021-T1,Pueblo Libre,19.3071,1715.4,3.6593,27.0938
2021-T2,Pueblo Libre,18.8664,1676.36,3.7944,28.096
2021-T3,Pueblo Libre,20.3162,1674.65,4.0446,27.7825
2021-T4,Pueblo Libre,21.2081,1595.74,4.0239,25.2304
2022-T1,Pueblo Libre,21.3124,1911.76,3.8063,28.4527
2022-T2,Pueblo Libre,19.3136,1772.92,3.7481,28.6721
2022-T3,Pueblo Libre,19.4222,1792.96,3.8912,29.9348
2022-T4,Pueblo Libre,18.315,1733.33,3.8951,30.7191
2023-T1,Pueblo Libre,17.8274,1870.97,3.8178,33.3891
2023-T2,Pueblo Libre,18.1954,1784.95,3.7018,30.2618
2023-T3,Pueblo Libre,18.4249,1765.15,3.6758,29.3456
2023-T4,Pueblo Libre,18.2812,1814.2,3.78,31.2601
2024-T1,Pueblo Libre,18.4909,1828.12,3.7589,30.9689
2024-T2,Pueblo Libre,17.2879,1817.27,3.7429,32.7875
2024-T3,Pueblo Libre,16.7898,1855.54,3.758,34.6097
2024-T4,Pueblo Libre,18.3015,1783.11,3.7558,30.4937
2025-T1,Pueblo Libre,17.2679,1837.7,3.6993,32.808
2025-T2,Pueblo Libre,17.4937,1797.54,3.6546,31.2935
2025-T3,Pueblo Libre,18.9394,1850.0,3.5341,28.7674
2025-T4,Pueblo Libre,14.8656,1969.7,3.3846,37.3713
2026-T1,Pueblo Libre,16.9139,1893.95,3.3868,31.6037
2013-T3,San Borja,17.122,1460.5,2.7857,19.8014
2013-T4,San Borja,16.6954,1422.22,2.7842,19.7644
2014-T1,San Borja,17.2336,1554.18,2.8093,21.1128
2014-T2,San Borja,17.9325,1500.0,2.7919,19.461
2014-T3,San Borja,18.781,1568.63,2.8215,19.6382
2014-T4,San Borja,19.147,1510.13,2.9309,19.2633
2015-T1,San Borja,18.5714,1523.81,3.0586,20.9133
2015-T2,San Borja,19.0406,1494.69,3.1439,20.5662
2015-T3,San Borja,18.4412,1514.75,3.2127,21.9911
2015-T4,San Borja,19.8118,1467.39,3.3226,20.5075
2016-T1,San Borja,18.6788,1486.53,3.4502,22.8817
2016-T2,San Borja,19.7368,1480.19,3.3173,20.732
2016-T3,San Borja,19.9436,1544.44,3.338,21.5416
2016-T4,San Borja,20.7114,1668.59,3.3947,22.7911
2017-T1,San Borja,20.0105,1493.24,3.2879,20.4457
2017-T2,San Borja,20.3682,1533.33,3.2627,20.468
2017-T3,San Borja,20.0577,1575.17,3.2455,21.2397
2017-T4,San Borja,19.0378,1579.65,3.2459,22.4439
2018-T1,San Borja,19.1645,1660.72,3.2385,23.3862
2018-T2,San Borja,19.9346,1654.31,3.2584,22.5336
2018-T3,San Borja,19.3095,1666.67,3.292,23.6786
2018-T4,San Borja,19.1708,1666.67,3.3575,24.3247
2019-T1,San Borja,19.4118,1613.64,3.3233,23.0216
2019-T2,San Borja,19.6578,1653.85,3.3206,23.2808
2019-T3,San Borja,19.3614,1588.24,3.3417,22.8436
2019-T4,San Borja,18.7038,1669.15,3.3622,25.0041
2020-T1,San Borja,18.437,1577.32,3.403,24.2613
2020-T2,San Borja,19.5892,1761.36,3.4296,25.6978
2020-T3,San Borja,20.4503,1714.11,3.5451,24.7623
2020-T4,San Borja,22.8592,1625.79,3.602,21.3484
2021-T1,San Borja,22.8592,1846.0,3.6593,24.6258
2021-T2,San Borja,22.7425,1666.67,3.7944,23.1727
2021-T3,San Borja,24.3714,1735.12,4.0446,23.996
2021-T4,San Borja,25.6543,1664.41,4.0239,21.7553
2022-T1,San Borja,21.5468,1729.21,3.8063,25.4557
2022-T2,San Borja,20.4232,1730.77,3.7481,26.4697
2022-T3,San Borja,22.1209,1756.76,3.8912,25.7522
2022-T4,San Borja,22.9485,1689.19,3.8951,23.8923
2023-T1,San Borja,21.1199,1725.62,3.8178,25.9945
2023-T2,San Borja,20.6203,1700.0,3.7018,25.4322
2023-T3,San Borja,20.8131,1764.71,3.6758,25.9718
2023-T4,San Borja,21.2133,1746.7,3.78,25.937
2024-T1,San Borja,19.4398,1742.86,3.7589,28.0834
2024-T2,San Borja,18.0951,1737.8,3.7429,29.955
2024-T3,San Borja,17.1447,1733.33,3.758,31.661
2024-T4,San Borja,19.9565,1710.71,3.7558,26.8294
2025-T1,San Borja,20.774,1730.2,3.6993,25.6756
2025-T2,San Borja,19.6684,1820.44,3.6546,28.1881
2025-T3,San Borja,17.9295,1818.18,3.5341,29.8651
2025-T4,San Borja,18.1336,1880.0,3.3846,29.2412
2026-T1,San Borja,17.5781,1986.3,3.3868,31.8923
2013-T3,San Isidro,17.2625,1301.82,2.7857,17.5064
2013-T4,San Isidro,17.6919,1407.38,2.7842,18.4565
2014-T1,San Isidro,17.8182,1409.4,2.8093,18.5179
2014-T2,San Isidro,18.2398,1436.65,2.7919,18.325
2014-T3,San Isidro,17.5053,1416.67,2.8215,19.0283
2014-T4,San Isidro,17.7778,1454.55,2.9309,19.9832
2015-T1,San Isidro,17.3894,1383.95,3.0586,20.285
2015-T2,San Isidro,18.3408,1362.32,3.1439,19.4601
2015-T3,San Isidro,19.2107,1337.3,3.2127,18.6372
2015-T4,San Isidro,18.544,1366.67,3.3226,20.4056
2016-T1,San Isidro,18.4524,1466.67,3.4502,22.853
2016-T2,San Isidro,17.5439,1371.61,3.3173,21.6126
2016-T3,San Isidro,20.797,1397.73,3.338,18.6952
2016-T4,San Isidro,18.9826,1437.5,3.3947,21.4229
2017-T1,San Isidro,19.7037,1441.72,3.2879,20.0477
2017-T2,San Isidro,19.1256,1483.33,3.2627,21.0871
2017-T3,San Isidro,19.9876,1500.0,3.2455,20.297
2017-T4,San Isidro,20.3922,1453.49,3.2459,19.2799
2018-T1,San Isidro,18.0769,1417.04,3.2385,21.1552
2018-T2,San Isidro,18.7649,1492.09,3.2584,21.591
2018-T3,San Isidro,19.1327,1569.44,3.292,22.5034
2018-T4,San Isidro,19.6769,1531.25,3.3575,21.7736
2019-T1,San Isidro,18.092,1470.83,3.3233,22.5149
2019-T2,San Isidro,19.1157,1460.99,3.3206,21.1492
2019-T3,San Isidro,19.3036,1485.67,3.3417,21.4324
2019-T4,San Isidro,19.5941,1509.38,3.3622,21.5834
2020-T1,San Isidro,18.2584,1554.45,3.403,24.1434
2020-T2,San Isidro,19.6368,1544.44,3.4296,22.4783
2020-T3,San Isidro,20.5881,1466.67,3.5451,21.0459
2020-T4,San Isidro,20.134,1595.86,3.602,23.7918
2021-T1,San Isidro,19.4062,1573.17,3.6593,24.7205
2021-T2,San Isidro,22.2395,1476.37,3.7944,20.9912
2021-T3,San Isidro,21.2477,1467.74,4.0446,23.2825
2021-T4,San Isidro,19.0006,1416.67,4.0239,25.0014
2022-T1,San Isidro,15.1834,1587.43,3.8063,33.1623
2022-T2,San Isidro,16.1017,1518.99,3.7481,29.4658
2022-T3,San Isidro,18.5065,1553.78,3.8912,27.2251
2022-T4,San Isidro,18.3113,1538.46,3.8951,27.271
2023-T1,San Isidro,17.9993,1474.36,3.8178,26.0599
2023-T2,San Isidro,17.6899,1536.99,3.7018,26.8024
2023-T3,San Isidro,17.8809,1705.62,3.6758,29.2186
2023-T4,San Isidro,18.5947,1677.59,3.78,28.4188
2024-T1,San Isidro,18.1615,1652.17,3.7589,28.4958
2024-T2,San Isidro,17.0769,1603.06,3.7429,29.2799
2024-T3,San Isidro,16.839,1630.14,3.758,30.3167
2024-T4,San Isidro,15.6204,1597.22,3.7558,32.003
2025-T1,San Isidro,16.0779,1653.06,3.6993,31.696
2025-T2,San Isidro,16.1517,1653.06,3.6546,31.1693
2025-T3,San Isidro,16.343,1666.67,3.5341,30.0338
2025-T4,San Isidro,15.949,1716.79,3.3846,30.3603
2026-T1,San Isidro,16.6972,1875.0,3.3868,31.6935
2013-T3,San Miguel,14.7242,1270.09,2.7857,20.024
2013-T4,San Miguel,14.9927,1247.91,2.7842,19.3116
2014-T1,San Miguel,15.5222,1330.47,2.8093,20.0666
2014-T2,San Miguel,14.6764,1268.04,2.7919,20.1014
2014-T3,San Miguel,14.9721,1234.85,2.8215,19.3923
2014-T4,San Miguel,15.3589,1271.72,2.9309,20.223
2015-T1,San Miguel,15.625,1250.0,3.0586,20.3905
2015-T2,San Miguel,15.1539,1212.32,3.1439,20.9592
2015-T3,San Miguel,15.6298,1312.5,3.2127,22.4823
2015-T4,San Miguel,15.7742,1239.4,3.3226,21.7549
2016-T1,San Miguel,16.3735,1159.42,3.4502,20.3594
2016-T2,San Miguel,16.8916,1235.16,3.3173,20.2141
2016-T3,San Miguel,16.471,1250.0,3.338,21.1106
2016-T4,San Miguel,16.5975,1231.88,3.3947,20.9968
2017-T1,San Miguel,14.7887,1294.12,3.2879,23.9759
2017-T2,San Miguel,14.4398,1213.43,3.2627,22.8479
2017-T3,San Miguel,17.0035,1291.25,3.2455,20.5387
2017-T4,San Miguel,15.6047,1326.56,3.2459,22.9948
2018-T1,San Miguel,15.7447,1386.79,3.2385,23.7704
2018-T2,San Miguel,14.5737,1300.9,3.2584,24.2381
2018-T3,San Miguel,16.0063,1356.35,3.292,23.2466
2018-T4,San Miguel,15.2924,1306.58,3.3575,23.9057
2019-T1,San Miguel,14.6805,1333.33,3.3233,25.1531
2019-T2,San Miguel,16.5044,1386.37,3.3206,23.2443
2019-T3,San Miguel,15.5907,1367.19,3.3417,24.4202
2019-T4,San Miguel,16.6265,1353.87,3.3622,22.815
2020-T1,San Miguel,15.0576,1322.06,3.403,24.8988
2020-T2,San Miguel,15.5423,1305.56,3.4296,24.0072
2020-T3,San Miguel,17.8295,1400.0,3.5451,23.1974
2020-T4,San Miguel,18.2865,1391.63,3.602,22.8431
2021-T1,San Miguel,19.139,1385.08,3.6593,22.0687
2021-T2,San Miguel,17.6653,1381.55,3.7944,24.7293
2021-T3,San Miguel,20.1613,1410.26,4.0446,23.5761
2021-T4,San Miguel,19.9275,1434.78,4.0239,24.1432
2022-T1,San Miguel,19.076,1439.16,3.8063,23.93
2022-T2,San Miguel,17.0358,1428.13,3.7481,26.1843
2022-T3,San Miguel,18.6689,1445.78,3.8912,25.1125
2022-T4,San Miguel,19.7742,1456.98,3.8951,23.916
2023-T1,San Miguel,17.0846,1418.92,3.8178,26.4229
2023-T2,San Miguel,17.6792,1472.92,3.7018,25.7008
2023-T3,San Miguel,17.0188,1455.59,3.6758,26.1984
2023-T4,San Miguel,17.5773,1437.91,3.78,25.7685
2024-T1,San Miguel,16.761,1416.67,3.7589,26.4757
2024-T2,San Miguel,17.4276,1451.61,3.7429,25.9803
2024-T3,San Miguel,15.2011,1462.69,3.758,30.1335
2024-T4,San Miguel,15.8337,1462.02,3.7558,28.8994
2025-T1,San Miguel,15.0028,1417.91,3.6993,29.1353
2025-T2,San Miguel,16.0112,1463.55,3.6546,27.8383
2025-T3,San Miguel,15.2913,1536.63,3.5341,29.5951
2025-T4,San Miguel,16.8863,1696.7,3.3846,28.3394
2026-T1,San Miguel,17.448,1637.33,3.3868,26.4852
2013-T3,Surco,16.5038,1776.04,2.7857,24.9814
2013-T4,Surco,16.5895,1756.81,2.7842,24.57
2014-T1,Surco,17.0185,1861.31,2.8093,25.6045
2014-T2,Surco,17.5912,1951.54,2.7919,25.8105
2014-T3,Surco,18.5052,1828.31,2.8215,23.2304
2014-T4,Surco,17.0577,1797.36,2.9309,25.7353
2015-T1,Surco,17.8151,1827.53,3.0586,26.1465
2015-T2,Surco,17.74,1792.97,3.1439,26.4792
2015-T3,Surco,17.7596,1790.23,3.2127,26.988
2015-T4,Surco,18.7374,1771.67,3.3226,26.1798
2016-T1,Surco,17.9398,1775.35,3.4502,28.4532
2016-T2,Surco,19.1506,1738.54,3.3173,25.096
2016-T3,Surco,19.25,1828.01,3.338,26.4153
2016-T4,Surco,19.0199,1820.41,3.3947,27.0759
2017-T1,Surco,19.4706,1859.18,3.2879,26.1621
2017-T2,Surco,20.9081,1839.97,3.2627,23.9271
2017-T3,Surco,20.3675,1851.32,3.2455,24.5836
2017-T4,Surco,18.3575,1796.25,3.2459,26.4673
2018-T1,Surco,19.1472,1805.47,3.2385,25.4475
2018-T2,Surco,18.0007,1787.17,3.2584,26.9586
2018-T3,Surco,17.8323,1817.33,3.292,27.9578
2018-T4,Surco,19.7863,1842.53,3.3575,26.0549
2019-T1,Surco,19.2226,1842.3,3.3233,26.5425
2019-T2,Surco,18.7195,1882.21,3.3206,27.8235
2019-T3,Surco,19.0172,1860.6,3.3417,27.2454
2019-T4,Surco,19.176,1840.72,3.3622,26.8953
2020-T1,Surco,18.1136,1843.0,3.403,28.8539
2020-T2,Surco,19.3352,1895.36,3.4296,28.0159
2020-T3,Surco,21.7595,1880.73,3.5451,25.5346
2020-T4,Surco,21.6239,1893.0,3.602,26.2772
2021-T1,Surco,21.1347,1884.51,3.6593,27.1909
2021-T2,Surco,22.6511,1870.01,3.7944,26.1049
2021-T3,Surco,23.7278,1869.42,4.0446,26.5546
2021-T4,Surco,23.6184,1815.1,4.0239,25.77
2022-T1,Surco,20.0316,1832.45,3.8063,29.0159
2022-T2,Surco,21.3274,1875.31,3.7481,27.4643
2022-T3,Surco,20.4365,1851.64,3.8912,29.3803
2022-T4,Surco,20.1074,1868.46,3.8951,30.1621
2023-T1,Surco,19.8429,1811.13,3.8178,29.0382
2023-T2,Surco,19.8662,1833.92,3.7018,28.4771
2023-T3,Surco,19.281,1848.15,3.6758,29.3612
2023-T4,Surco,19.737,1861.04,3.78,29.7019
2024-T1,Surco,18.9958,1827.65,3.7589,30.138
2024-T2,Surco,19.76,1854.17,3.7429,29.268
2024-T3,Surco,18.193,1839.21,3.758,31.6592
2024-T4,Surco,17.4967,1831.27,3.7558,32.7577
2025-T1,Surco,18.5864,1841.44,3.6993,30.5427
2025-T2,Surco,16.7424,1866.51,3.6546,33.9523
2025-T3,Surco,17.7182,1899.52,3.5341,31.5732
2025-T4,Surco,19.8189,2008.96,3.3846,28.5899
2026-T1,Surco,18.1518,2042.17,3.3868,31.753
2013-T3,Surquillo,15.2815,1975.61,2.7857,30.0112
2013-T4,Surquillo,15.2815,2000.93,2.7842,30.3795
2014-T1,Surquillo,15.8743,2257.03,2.8093,33.2861
2014-T2,Surquillo,15.0076,2152.33,2.7919,33.3664
2014-T3,Surquillo,15.6455,1752.48,2.8215,26.3368
2014-T4,Surquillo,16.7102,1877.78,2.9309,27.446
2015-T1,Surquillo,14.5229,2256.25,3.0586,39.598
2015-T2,Surquillo,16.3247,2187.5,3.1439,35.1066
2015-T3,Surquillo,18.7765,2176.47,3.2127,31.0337
2015-T4,Surquillo,15.4157,1834.34,3.3226,32.9466
2016-T1,Surquillo,14.7355,1867.89,3.4502,36.4459
2016-T2,Surquillo,17.0129,1881.18,3.3173,30.5669
2016-T3,Surquillo,17.0236,2198.7,3.338,35.9272
2016-T4,Surquillo,15.7202,2362.64,3.3947,42.5172
2017-T1,Surquillo,15.6803,2357.04,3.2879,41.1855
2017-T2,Surquillo,15.8901,2209.46,3.2627,37.8053
2017-T3,Surquillo,16.5165,2385.45,3.2455,39.0619
2017-T4,Surquillo,16.5055,2120.32,3.2459,34.748
2018-T1,Surquillo,17.1991,2108.53,3.2385,33.0853
2018-T2,Surquillo,16.7291,2046.51,3.2584,33.2173
2018-T3,Surquillo,14.8562,2062.73,3.292,38.0902
2018-T4,Surquillo,17.0388,2637.31,3.3575,43.3074
2019-T1,Surquillo,15.9936,2258.94,3.3233,39.1159
2019-T2,Surquillo,14.4754,2454.55,3.3206,46.922
2019-T3,Surquillo,16.24,2272.73,3.3417,38.9717
2019-T4,Surquillo,15.7908,2495.54,3.3622,44.2797
2020-T1,Surquillo,15.5152,2512.9,3.403,45.9308
2020-T2,Surquillo,14.5295,2654.76,3.4296,52.2203
2020-T3,Surquillo,18.229,2520.03,3.5451,40.8409
2020-T4,Surquillo,17.4289,2354.24,3.602,40.5456
2021-T1,Surquillo,18.8827,2236.36,3.6593,36.1159
2021-T2,Surquillo,18.9349,2315.79,3.7944,38.6725
2021-T3,Surquillo,20.6349,2169.49,4.0446,35.4362
2021-T4,Surquillo,19.3513,1984.24,4.0239,34.3833
2022-T1,Surquillo,16.9049,2277.23,3.8063,42.7282
2022-T2,Surquillo,18.0868,2324.56,3.7481,40.1433
2022-T3,Surquillo,18.2749,2433.67,3.8912,43.1831
2022-T4,Surquillo,17.3792,2328.64,3.8951,43.4915
2023-T1,Surquillo,17.4696,2200.0,3.8178,40.0652
2023-T2,Surquillo,16.3629,2254.9,3.7018,42.5107
2023-T3,Surquillo,16.3632,2384.0,3.6758,44.6278
2023-T4,Surquillo,16.5456,2310.03,3.78,43.979
2024-T1,Surquillo,16.4602,2094.87,3.7589,39.8658
2024-T2,Surquillo,17.0263,2300.0,3.7429,42.1345
2024-T3,Surquillo,15.1375,2231.8,3.758,46.1716
2024-T4,Surquillo,16.2444,2189.37,3.7558,42.1827
2025-T1,Surquillo,16.8729,2375.71,3.6993,43.4059
2025-T2,Surquillo,15.0621,2490.16,3.6546,50.3498
2025-T3,Surquillo,15.4196,2373.21,3.5341,45.3271
2025-T4,Surquillo,14.412,2462.69,3.3846,48.1953
2026-T1,Surquillo,14.9705,2555.56,3.3868,48.1795
